y_m,z_m,recruitment_presence_qnat,recruitment_presence_qrel,recruitment_age_days_qnat,recruitment_age_days_qrel,recruitment_effective_age_days_qnat,recruitment_effective_age_days_qrel,camporeale_biomass_qnat,camporeale_biomass_qrel
0.0,5.0,0,0,0.0,0.0,0.0,0.0,0.658282057210557,0.5686354245596149
0.25,4.966666666666667,0,0,0.0,0.0,0.0,0.0,0.667328644895532,0.5788928280691873
0.5,4.933333333333334,0,0,0.0,0.0,0.0,0.0,0.6677014025022707,0.5797037933486668
0.75,4.9,0,0,0.0,0.0,0.0,0.0,0.6849657072736163,0.5990315915371455
1.0,4.866666666666666,0,0,0.0,0.0,0.0,0.0,0.689275730824859,0.604199288694377
1.25,4.833333333333333,0,0,0.0,0.0,0.0,0.0,0.7002947635637438,0.616779136884304
1.5,4.8,0,0,0.0,0.0,0.0,0.0,0.7102592854829449,0.6282428937101407
1.75,4.766666666666667,0,0,0.0,0.0,0.0,0.0,0.7164165419547779,0.6355339048814928
2.0,4.733333333333333,0,0,0.0,0.0,0.0,0.0,0.7260769055772831,0.6467305536369558
2.25,4.7,0,0,0.0,0.0,0.0,0.0,0.7204094060126174,0.6410625227197784
2.5,4.666666666666667,0,0,0.0,0.0,0.0,0.0,0.7417722346993249,0.6652036137512897
2.75,4.633333333333334,0,0,0.0,0.0,0.0,0.0,0.7440923161150418,0.6683706606801961
3.0,4.6,0,0,0.0,0.0,0.0,0.0,0.7453392916515929,0.6703972653888923
3.25,4.566666666666666,0,0,0.0,0.0,0.0,0.0,0.7604333880308575,0.6877196638718621
3.5,4.533333333333333,0,0,0.0,0.0,0.0,0.0,0.7557342661036991,0.6832409869685738
3.75,4.5,0,0,0.0,0.0,0.0,0.0,0.7642880574072506,0.6933881090385258
4.0,4.466666666666667,0,0,0.0,0.0,0.0,0.0,0.7620675691576632,0.6917340086062148
4.25,4.433333333333334,0,0,0.0,0.0,0.0,0.0,0.7731395837020911,0.7046779063616899
4.5,4.4,0,0,0.0,0.0,0.0,0.0,0.7732995860591698,0.7056814052788782
4.75,4.366666666666667,0,0,0.0,0.0,0.0,0.0,0.7791948604126194,0.7129887832841745
5.0,4.333333333333333,0,0,0.0,0.0,0.0,0.0,0.7939360030424466,0.730021866778635
5.25,4.3,0,0,0.0,0.0,0.0,0.0,0.788099061961646,0.7245056500517788
5.5,4.266666666666667,0,0,0.0,0.0,0.0,0.0,0.7966407866690489,0.7347647998867225
5.75,4.233333333333333,0,0,0.0,0.0,0.0,0.0,0.8103170426514614,0.7506667782712116
6.0,4.2,0,0,0.0,0.0,0.0,0.0,0.8135996447615153,0.7551962882571212
6.25,4.166666666666667,0,0,0.0,0.0,0.0,0.0,0.8124393908066256,0.7548982279568894
6.5,4.133333333333333,0,0,0.0,0.0,0.0,0.0,0.8118091430645022,0.7552248861593162
6.75,4.1,0,0,0.0,0.0,0.0,0.0,0.8087718452707421,0.7529882508431365
7.0,4.066666666666666,0,0,0.0,0.0,0.0,0.0,0.8086530207036791,0.7539584981258873
7.25,4.033333333333333,0,0,0.0,0.0,0.0,0.0,0.8289565726469933,0.7770167916914725
7.5,4.0,0,0,0.0,0.0,0.0,0.0,0.8219245312179292,0.7705294275384506
7.75,3.966666666666667,0,0,0.0,0.0,0.0,0.0,0.8143059107171371,0.7635104442656014
8.0,3.9333333333333336,0,0,0.0,0.0,0.0,0.0,0.8283420890693172,0.7797635605211943
8.25,3.9,0,0,0.0,0.0,0.0,0.0,0.8333439383246343,0.786326635124669
8.5,3.8666666666666667,0,0,0.0,0.0,0.0,0.0,0.8312194549307204,0.7852701922857914
8.75,3.833333333333333,0,0,0.0,0.0,0.0,0.0,0.8390173322699853,0.7948449648128968
9.0,3.8,0,0,0.0,0.0,0.0,0.0,0.818669511004589,0.7744768791652115
9.25,3.7666666666666666,0,0,0.0,0.0,0.0,0.0,0.8320023359348852,0.7899315429650877
9.5,3.7333333333333334,0,0,0.0,0.0,0.0,0.0,0.8306611522489076,0.7898380263049023
9.75,3.7,0,0,0.0,0.0,0.0,0.0,0.8199271326955537,0.7798796189032009
10.0,3.666666666666667,0,0,0.0,0.0,0.0,0.0,0.835024557083189,0.7971602404171828
10.25,3.6333333333333333,0,0,0.0,0.0,0.0,0.0,0.839564328188918,0.8033193718451054
10.5,3.6,0,0,0.0,0.0,0.0,0.0,0.8325392286369321,0.7973426939428209
10.75,3.5666666666666664,0,0,0.0,0.0,0.0,0.0,0.8223050013250909,0.788081299539982
11.0,3.533333333333333,0,0,0.0,0.0,0.0,0.0,0.8361254545327678,0.8039611846299973
11.25,3.5,0,0,0.0,0.0,0.0,0.0,0.8257671722562421,0.7946359389917498
11.5,3.466666666666667,0,0,0.0,0.0,0.0,0.0,0.82350817479045,0.7937865895895718
11.75,3.4333333333333336,0,0,0.0,0.0,0.0,0.0,0.821358426461541,0.7993793346663618
12.0,3.4,0,0,0.0,0.0,0.0,0.0,0.78555289371981,0.7791708358825647
12.25,3.3666666666666667,0,0,0.0,0.0,0.0,0.0,0.7986323316416523,0.7976204201165837
12.5,3.333333333333333,0,0,0.0,0.0,0.0,0.0,0.784980903466874,0.7750182982898411
12.75,3.3,0,0,0.0,0.0,0.0,0.0,0.7780660775052562,0.7650821681263285
13.0,3.2666666666666666,0,0,0.0,0.0,0.0,0.0,0.7447233133310223,0.7339498386118297
13.25,3.2333333333333334,0,0,0.0,0.0,0.0,0.0,0.7552469164513415,0.7460268677515409
13.5,3.2,0,0,0.0,0.0,0.0,0.0,0.7176189345816448,0.7108124572827251
13.75,3.166666666666667,0,0,0.0,0.0,0.0,0.0,0.6973405779722905,0.6926854663865516
14.0,3.1333333333333333,0,0,0.0,0.0,0.0,0.0,0.7199981608404069,0.7167092862740579
14.25,3.1,0,0,0.0,0.0,0.0,0.0,0.703565679718785,0.7023921518443452
14.5,3.0666666666666664,0,0,0.0,0.0,0.0,0.0,0.686100437742841,0.6870820035309977
14.75,3.033333333333333,0,0,0.0,0.0,0.0,0.0,0.6486309741897024,0.6521643673244217
15.0,3.0,0,0,0.0,0.0,0.0,0.0,0.6241426291774433,0.6299605574844089
15.25,2.9615384615384617,0,0,0.0,0.0,0.0,0.0,0.5838391313807857,0.5924072584820084
15.5,2.923076923076923,0,0,0.0,0.0,0.0,0.0,0.5878303175041695,0.5984689380721958
15.75,2.8846153846153846,0,0,0.0,0.0,0.0,0.0,0.5604769934858338,0.5735830201878838
16.0,2.8461538461538463,0,0,0.0,0.0,0.0,0.0,0.5321755681619984,0.5476531583583076
16.25,2.8076923076923075,0,0,0.0,0.0,0.0,0.0,0.4860031098283597,0.5111067184129434
16.5,2.769230769230769,0,0,0.0,0.0,0.0,0.0,0.4763018648566696,0.5034655056830522
16.75,2.730769230769231,0,0,0.0,0.0,0.0,0.0,0.4663528658649728,0.4955400292240113
17.0,2.6923076923076925,0,0,0.0,0.0,0.0,0.0,0.4561684312470533,0.48733582305609874
17.25,2.6538461538461537,0,0,0.0,0.0,0.0,0.0,0.4384951234042248,0.4788615613326866
17.5,2.6153846153846154,0,0,0.0,0.0,0.0,0.0,0.42790662604529145,0.47012358935433346
17.75,2.5769230769230766,0,0,0.0,0.0,0.0,0.0,0.4099794037168428,0.4611315259388259
18.0,2.5384615384615383,1,0,194.0,0.0,102.0,0.0,0.3850183450140846,0.45189348112549227
18.25,2.5,1,0,188.0,0.0,96.0,0.0,0.3402193570116146,0.4351470998938399
18.5,2.4615384615384617,0,0,0.0,0.0,0.0,0.0,0.0,0.0
18.75,2.423076923076923,0,0,0.0,0.0,0.0,0.0,0.0,0.0
19.0,2.3846153846153846,0,0,0.0,0.0,0.0,0.0,0.0,0.0
19.25,2.3461538461538463,0,0,0.0,0.0,0.0,0.0,0.0,0.0
19.5,2.3076923076923075,0,0,0.0,0.0,0.0,0.0,0.0,0.0
19.75,2.269230769230769,0,0,0.0,0.0,0.0,0.0,0.0,0.0
20.0,2.230769230769231,0,0,0.0,0.0,0.0,0.0,0.0,0.0
20.25,2.1923076923076925,0,0,0.0,0.0,0.0,0.0,0.0,0.0
20.5,2.1538461538461537,0,0,0.0,0.0,0.0,0.0,0.0,0.0
20.75,2.1153846153846154,0,0,0.0,0.0,0.0,0.0,0.0,0.0
21.0,2.0769230769230766,0,0,0.0,0.0,0.0,0.0,0.0,0.0
21.25,2.0384615384615383,0,0,0.0,0.0,0.0,0.0,0.0,0.0
21.5,2.0,0,0,0.0,0.0,0.0,0.0,0.0,0.0
21.75,1.9615384615384615,0,0,0.0,0.0,0.0,0.0,0.0,0.0
22.0,1.923076923076923,0,0,0.0,0.0,0.0,0.0,0.0,0.0
22.25,1.8846153846153846,0,0,0.0,0.0,0.0,0.0,0.0,0.0
22.5,1.846153846153846,0,0,0.0,0.0,0.0,0.0,0.0,0.0
22.75,1.8076923076923077,0,0,0.0,0.0,0.0,0.0,0.0,0.0
23.0,1.7692307692307692,0,0,0.0,0.0,0.0,0.0,0.0,0.0
23.25,1.7307692307692306,0,0,0.0,0.0,0.0,0.0,0.0,0.0
23.5,1.6923076923076923,0,0,0.0,0.0,0.0,0.0,0.0,0.0
23.75,1.6538461538461537,0,0,0.0,0.0,0.0,0.0,0.0,0.0
24.0,1.6153846153846154,0,0,0.0,0.0,0.0,0.0,0.0,0.0
24.25,1.5769230769230769,0,0,0.0,0.0,0.0,0.0,0.0,0.0
24.5,1.5384615384615383,0,0,0.0,0.0,0.0,0.0,0.0,0.0
24.75,1.5,0,0,0.0,0.0,0.0,0.0,0.0,0.0
25.0,1.4615384615384615,0,0,0.0,0.0,0.0,0.0,0.0,0.0
25.25,1.423076923076923,0,0,0.0,0.0,0.0,0.0,0.0,0.0
25.5,1.3846153846153846,0,0,0.0,0.0,0.0,0.0,0.0,0.0
25.75,1.346153846153846,0,0,0.0,0.0,0.0,0.0,0.0,0.0
26.0,1.3076923076923075,0,0,0.0,0.0,0.0,0.0,0.0,0.0
26.25,1.2692307692307692,0,0,0.0,0.0,0.0,0.0,0.0,0.0
26.5,1.2307692307692306,0,0,0.0,0.0,0.0,0.0,0.0,0.0
26.75,1.1923076923076923,0,0,0.0,0.0,0.0,0.0,0.0,0.0
27.0,1.1538461538461537,0,0,0.0,0.0,0.0,0.0,0.0,0.0
27.25,1.1153846153846152,0,0,0.0,0.0,0.0,0.0,0.0,0.0
27.5,1.0769230769230769,0,0,0.0,0.0,0.0,0.0,0.0,0.0
27.75,1.0384615384615383,0,0,0.0,0.0,0.0,0.0,0.0,0.0
28.0,1.0,0,0,0.0,0.0,0.0,0.0,0.0,0.0
28.25,0.9821428571428571,0,0,0.0,0.0,0.0,0.0,0.0,0.0
28.5,0.9642857142857143,0,0,0.0,0.0,0.0,0.0,0.0,0.0
28.75,0.9464285714285714,0,0,0.0,0.0,0.0,0.0,0.0,0.0
29.0,0.9285714285714286,0,0,0.0,0.0,0.0,0.0,0.0,0.0
29.25,0.9107142857142857,0,0,0.0,0.0,0.0,0.0,0.0,0.0
29.5,0.8928571428571429,0,0,0.0,0.0,0.0,0.0,0.0,0.0
29.75,0.875,0,0,0.0,0.0,0.0,0.0,0.0,0.0
30.0,0.8571428571428572,0,0,0.0,0.0,0.0,0.0,0.0,0.0
30.25,0.8392857142857143,0,0,0.0,0.0,0.0,0.0,0.0,0.0
30.5,0.8214285714285714,0,0,0.0,0.0,0.0,0.0,0.0,0.0
30.75,0.8035714285714286,0,0,0.0,0.0,0.0,0.0,0.0,0.0
31.0,0.7857142857142857,0,0,0.0,0.0,0.0,0.0,0.0,0.0
31.25,0.7678571428571429,0,0,0.0,0.0,0.0,0.0,0.0,0.0
31.5,0.75,0,0,0.0,0.0,0.0,0.0,0.0,0.0
31.75,0.7321428571428572,0,0,0.0,0.0,0.0,0.0,0.0,0.0
32.0,0.7142857142857143,0,0,0.0,0.0,0.0,0.0,0.0,0.0
32.25,0.6964285714285714,0,0,0.0,0.0,0.0,0.0,0.0,0.0
32.5,0.6785714285714286,0,0,0.0,0.0,0.0,0.0,0.0,0.0
32.75,0.6607142857142858,0,0,0.0,0.0,0.0,0.0,0.0,0.0
33.0,0.6428571428571429,0,0,0.0,0.0,0.0,0.0,0.0,0.0
33.25,0.625,0,0,0.0,0.0,0.0,0.0,0.0,0.0
33.5,0.6071428571428572,0,0,0.0,0.0,0.0,0.0,0.0,0.0
33.75,0.5892857142857143,0,0,0.0,0.0,0.0,0.0,0.0,0.0
34.0,0.5714285714285714,0,0,0.0,0.0,0.0,0.0,0.0,0.0
34.25,0.5535714285714286,0,0,0.0,0.0,0.0,0.0,0.0,0.0
34.5,0.5357142857142858,0,0,0.0,0.0,0.0,0.0,0.0,0.0
34.75,0.5178571428571429,0,0,0.0,0.0,0.0,0.0,0.0,0.0
35.0,0.5,0,0,0.0,0.0,0.0,0.0,0.0,0.0
35.25,0.5107142857142857,0,0,0.0,0.0,0.0,0.0,0.0,0.0
35.5,0.5214285714285715,0,0,0.0,0.0,0.0,0.0,0.0,0.0
35.75,0.5321428571428571,0,0,0.0,0.0,0.0,0.0,0.0,0.0
36.0,0.5428571428571428,0,0,0.0,0.0,0.0,0.0,0.0,0.0
36.25,0.5535714285714286,0,0,0.0,0.0,0.0,0.0,0.0,0.0
36.5,0.5642857142857143,0,0,0.0,0.0,0.0,0.0,0.0,0.0
36.75,0.575,0,0,0.0,0.0,0.0,0.0,0.0,0.0
37.0,0.5857142857142857,0,0,0.0,0.0,0.0,0.0,0.0,0.0
37.25,0.5964285714285714,0,0,0.0,0.0,0.0,0.0,0.0,0.0
37.5,0.6071428571428572,0,0,0.0,0.0,0.0,0.0,0.0,0.0
37.75,0.6178571428571429,0,0,0.0,0.0,0.0,0.0,0.0,0.0
38.0,0.6285714285714286,0,0,0.0,0.0,0.0,0.0,0.0,0.0
38.25,0.6392857142857143,0,0,0.0,0.0,0.0,0.0,0.0,0.0
38.5,0.65,0,0,0.0,0.0,0.0,0.0,0.0,0.0
38.75,0.6607142857142858,0,0,0.0,0.0,0.0,0.0,0.0,0.0
39.0,0.6714285714285715,0,0,0.0,0.0,0.0,0.0,0.0,0.0
39.25,0.6821428571428572,0,0,0.0,0.0,0.0,0.0,0.0,0.0
39.5,0.6928571428571428,0,0,0.0,0.0,0.0,0.0,0.0,0.0
39.75,0.7035714285714286,0,0,0.0,0.0,0.0,0.0,0.0,0.0
40.0,0.7142857142857143,0,0,0.0,0.0,0.0,0.0,0.0,0.0
40.25,0.7250000000000001,0,0,0.0,0.0,0.0,0.0,0.0,0.0
40.5,0.7357142857142858,0,0,0.0,0.0,0.0,0.0,0.0,0.0
40.75,0.7464285714285714,0,0,0.0,0.0,0.0,0.0,0.0,0.0
41.0,0.7571428571428571,0,0,0.0,0.0,0.0,0.0,0.0,0.0
41.25,0.7678571428571429,0,0,0.0,0.0,0.0,0.0,0.0,0.0
41.5,0.7785714285714287,0,0,0.0,0.0,0.0,0.0,0.0,0.0
41.75,0.7892857142857144,0,0,0.0,0.0,0.0,0.0,0.0,0.0
42.0,0.8,0,0,0.0,0.0,0.0,0.0,0.0,0.0
42.25,0.8250000000000001,0,0,0.0,0.0,0.0,0.0,0.0,0.0
42.5,0.8500000000000001,0,0,0.0,0.0,0.0,0.0,0.0,0.0
42.75,0.875,0,0,0.0,0.0,0.0,0.0,0.0,0.0
43.0,0.9,0,0,0.0,0.0,0.0,0.0,0.0,0.0
43.25,0.925,0,0,0.0,0.0,0.0,0.0,0.0,0.0
43.5,0.9500000000000001,0,0,0.0,0.0,0.0,0.0,0.0,0.0
43.75,0.9750000000000001,0,0,0.0,0.0,0.0,0.0,0.0,0.0
44.0,1.0,0,0,0.0,0.0,0.0,0.0,0.0,0.0
44.25,1.0250000000000001,0,0,0.0,0.0,0.0,0.0,0.0,0.0
44.5,1.05,0,0,0.0,0.0,0.0,0.0,0.0,0.0
44.75,1.0750000000000002,0,0,0.0,0.0,0.0,0.0,0.0,0.0
45.0,1.1,0,0,0.0,0.0,0.0,0.0,0.0,0.0
45.25,1.125,0,0,0.0,0.0,0.0,0.0,0.0,0.0
45.5,1.1500000000000001,0,0,0.0,0.0,0.0,0.0,0.0,0.0
45.75,1.175,0,0,0.0,0.0,0.0,0.0,0.0,0.0
46.0,1.2000000000000002,0,0,0.0,0.0,0.0,0.0,0.0,0.0
46.25,1.225,0,0,0.0,0.0,0.0,0.0,0.0,0.0
46.5,1.25,0,0,0.0,0.0,0.0,0.0,0.0,0.0
46.75,1.2750000000000001,0,0,0.0,0.0,0.0,0.0,0.0,0.0
47.0,1.3,0,0,0.0,0.0,0.0,0.0,0.0,0.0
47.25,1.3250000000000002,0,0,0.0,0.0,0.0,0.0,0.0,0.0
47.5,1.35,0,0,0.0,0.0,0.0,0.0,0.0,0.0
47.75,1.375,0,0,0.0,0.0,0.0,0.0,0.0,0.0
48.0,1.4000000000000001,0,0,0.0,0.0,0.0,0.0,0.0,0.0
48.25,1.425,0,0,0.0,0.0,0.0,0.0,0.0,0.0
48.5,1.4500000000000002,0,0,0.0,0.0,0.0,0.0,0.0,0.0
48.75,1.475,0,0,0.0,0.0,0.0,0.0,0.0,0.0
49.0,1.5,0,0,0.0,0.0,0.0,0.0,0.0,0.0
49.25,1.5250000000000001,0,0,0.0,0.0,0.0,0.0,0.0,0.0
49.5,1.55,0,0,0.0,0.0,0.0,0.0,0.0,0.0
49.75,1.5750000000000002,0,0,0.0,0.0,0.0,0.0,0.0,0.0
50.0,1.6,0,0,0.0,0.0,0.0,0.0,0.0,0.0
50.25,1.6218750000000002,0,0,0.0,0.0,0.0,0.0,0.0,0.0
50.5,1.64375,0,0,0.0,0.0,0.0,0.0,0.0,0.0
50.75,1.6656250000000001,0,0,0.0,0.0,0.0,0.0,0.0,0.0
51.0,1.6875,0,0,0.0,0.0,0.0,0.0,0.0,0.0
51.25,1.709375,0,0,0.0,0.0,0.0,0.0,0.0,0.0
51.5,1.73125,0,0,0.0,0.0,0.0,0.0,0.0,0.0
51.75,1.753125,0,0,0.0,0.0,0.0,0.0,0.0,0.0
52.0,1.775,0,0,0.0,0.0,0.0,0.0,0.0,0.0
52.25,1.796875,0,0,0.0,0.0,0.0,0.0,0.0,0.0
52.5,1.81875,0,0,0.0,0.0,0.0,0.0,0.0,0.0
52.75,1.840625,0,0,0.0,0.0,0.0,0.0,0.0,0.0
53.0,1.8625,0,0,0.0,0.0,0.0,0.0,0.0,0.0
53.25,1.884375,0,0,0.0,0.0,0.0,0.0,0.0,0.0
53.5,1.90625,0,0,0.0,0.0,0.0,0.0,0.0,0.0
53.75,1.928125,0,0,0.0,0.0,0.0,0.0,0.0,0.0
54.0,1.95,0,0,0.0,0.0,0.0,0.0,0.0,0.0
54.25,1.9718749999999998,0,0,0.0,0.0,0.0,0.0,0.0,0.0
54.5,1.99375,0,0,0.0,0.0,0.0,0.0,0.0,0.0
54.75,2.015625,0,0,0.0,0.0,0.0,0.0,0.0,0.0
55.0,2.0375,0,0,0.0,0.0,0.0,0.0,0.0,0.0
55.25,2.0593749999999997,0,0,0.0,0.0,0.0,0.0,0.0,0.0
55.5,2.08125,0,0,0.0,0.0,0.0,0.0,0.0,0.0
55.75,2.103125,0,0,0.0,0.0,0.0,0.0,0.0,0.0
56.0,2.125,0,0,0.0,0.0,0.0,0.0,0.0,0.0
56.25,2.1468749999999996,0,0,0.0,0.0,0.0,0.0,0.0,0.0
56.5,2.1687499999999997,0,0,0.0,0.0,0.0,0.0,0.0,0.0
56.75,2.190625,0,0,0.0,0.0,0.0,0.0,0.0,0.0
57.0,2.2125,0,0,0.0,0.0,0.0,0.0,0.0,0.0
57.25,2.234375,0,0,0.0,0.0,0.0,0.0,0.0,0.0
57.5,2.2562499999999996,0,0,0.0,0.0,0.0,0.0,0.0,0.0
57.75,2.2781249999999997,0,0,0.0,0.0,0.0,0.0,0.0,0.0
58.0,2.3,0,0,0.0,0.0,0.0,0.0,0.0,0.0
58.25,2.302083333333333,0,0,0.0,0.0,0.0,0.0,0.0,0.0
58.5,2.3041666666666667,0,0,0.0,0.0,0.0,0.0,0.0,0.0
58.75,2.30625,0,0,0.0,0.0,0.0,0.0,0.0,0.0
59.0,2.308333333333333,0,0,0.0,0.0,0.0,0.0,0.0,0.0
59.25,2.3104166666666663,0,0,0.0,0.0,0.0,0.0,0.0,0.0
59.5,2.3125,0,0,0.0,0.0,0.0,0.0,0.0,0.0
59.75,2.314583333333333,0,0,0.0,0.0,0.0,0.0,0.0,0.0
60.0,2.3166666666666664,0,0,0.0,0.0,0.0,0.0,0.0,0.0
60.25,2.3187499999999996,0,0,0.0,0.0,0.0,0.0,0.0,0.0
60.5,2.3208333333333333,0,0,0.0,0.0,0.0,0.0,0.0,0.0
60.75,2.3229166666666665,0,0,0.0,0.0,0.0,0.0,0.0,0.0
61.0,2.3249999999999997,0,0,0.0,0.0,0.0,0.0,0.0,0.0
61.25,2.3270833333333334,0,0,0.0,0.0,0.0,0.0,0.0,0.0
61.5,2.3291666666666666,0,0,0.0,0.0,0.0,0.0,0.0,0.0
61.75,2.33125,0,0,0.0,0.0,0.0,0.0,0.0,0.0
62.0,2.333333333333333,0,0,0.0,0.0,0.0,0.0,0.0,0.0
62.25,2.3354166666666667,0,0,0.0,0.0,0.0,0.0,0.0,0.0
62.5,2.3375,0,0,0.0,0.0,0.0,0.0,0.0,0.0
62.75,2.339583333333333,0,0,0.0,0.0,0.0,0.0,0.0,0.0
63.0,2.3416666666666663,0,0,0.0,0.0,0.0,0.0,0.0,0.0
63.25,2.34375,0,0,0.0,0.0,0.0,0.0,0.0,0.0
63.5,2.345833333333333,0,0,0.0,0.0,0.0,0.0,0.0,0.0
63.75,2.3479166666666664,0,0,0.0,0.0,0.0,0.0,0.0,0.0
64.0,2.3499999999999996,0,0,0.0,0.0,0.0,0.0,0.0,0.0
64.25,2.3520833333333333,0,0,0.0,0.0,0.0,0.0,0.0,0.0
64.5,2.3541666666666665,0,0,0.0,0.0,0.0,0.0,0.0,0.0
64.75,2.3562499999999997,0,0,0.0,0.0,0.0,0.0,0.0,0.0
65.0,2.3583333333333334,0,0,0.0,0.0,0.0,0.0,0.0,0.0
65.25,2.3604166666666666,0,0,0.0,0.0,0.0,0.0,0.0,0.0
65.5,2.3625,0,0,0.0,0.0,0.0,0.0,0.0,0.0
65.75,2.364583333333333,0,0,0.0,0.0,0.0,0.0,0.0,0.0
66.0,2.3666666666666667,0,0,0.0,0.0,0.0,0.0,0.0,0.0
66.25,2.36875,0,0,0.0,0.0,0.0,0.0,0.0,0.0
66.5,2.370833333333333,0,0,0.0,0.0,0.0,0.0,0.0,0.0
66.75,2.3729166666666663,0,0,0.0,0.0,0.0,0.0,0.0,0.0
67.0,2.375,0,0,0.0,0.0,0.0,0.0,0.0,0.0
67.25,2.377083333333333,0,0,0.0,0.0,0.0,0.0,0.0,0.0
67.5,2.3791666666666664,0,0,0.0,0.0,0.0,0.0,0.0,0.0
67.75,2.38125,0,0,0.0,0.0,0.0,0.0,0.0,0.0
68.0,2.3833333333333333,0,0,0.0,0.0,0.0,0.0,0.0,0.0
68.25,2.3854166666666665,0,0,0.0,0.0,0.0,0.0,0.0,0.0
68.5,2.3874999999999997,0,0,0.0,0.0,0.0,0.0,0.0,0.0
68.75,2.3895833333333334,0,0,0.0,0.0,0.0,0.0,0.0,0.0
69.0,2.3916666666666666,0,0,0.0,0.0,0.0,0.0,0.0,0.0
69.25,2.39375,0,0,0.0,0.0,0.0,0.0,0.0,0.0
69.5,2.395833333333333,0,0,0.0,0.0,0.0,0.0,0.0,0.0
69.75,2.3979166666666667,0,0,0.0,0.0,0.0,0.0,0.0,0.0
70.0,2.4,0,0,0.0,0.0,0.0,0.0,0.0,0.0
70.25,2.402083333333333,0,0,0.0,0.0,0.0,0.0,0.0,0.0
70.5,2.404166666666667,0,0,0.0,0.0,0.0,0.0,0.0,0.0
70.75,2.40625,0,0,0.0,0.0,0.0,0.0,0.0,0.0
71.0,2.408333333333333,0,0,0.0,0.0,0.0,0.0,0.0,0.0
71.25,2.4104166666666664,0,0,0.0,0.0,0.0,0.0,0.0,0.0
71.5,2.4125,0,0,0.0,0.0,0.0,0.0,0.0,0.0
71.75,2.4145833333333333,0,0,0.0,0.0,0.0,0.0,0.0,0.0
72.0,2.4166666666666665,0,0,0.0,0.0,0.0,0.0,0.0,0.0
72.25,2.4187499999999997,0,0,0.0,0.0,0.0,0.0,0.0,0.0
72.5,2.4208333333333334,0,0,0.0,0.0,0.0,0.0,0.0,0.0
72.75,2.4229166666666666,0,0,0.0,0.0,0.0,0.0,0.0,0.0
73.0,2.425,0,0,0.0,0.0,0.0,0.0,0.0,0.0
73.25,2.427083333333333,0,0,0.0,0.0,0.0,0.0,0.0,0.0
73.5,2.4291666666666667,0,0,0.0,0.0,0.0,0.0,0.0,0.0
73.75,2.43125,0,0,0.0,0.0,0.0,0.0,0.0,0.0
74.0,2.433333333333333,0,0,0.0,0.0,0.0,0.0,0.0,0.0
74.25,2.435416666666667,0,0,0.0,0.0,0.0,0.0,0.0,0.0
74.5,2.4375,0,0,0.0,0.0,0.0,0.0,0.0,0.0
74.75,2.439583333333333,0,0,0.0,0.0,0.0,0.0,0.0,0.0
75.0,2.4416666666666664,0,0,0.0,0.0,0.0,0.0,0.0,0.0
75.25,2.44375,0,0,0.0,0.0,0.0,0.0,0.0,0.0
75.5,2.4458333333333333,0,0,0.0,0.0,0.0,0.0,0.0,0.0
75.75,2.4479166666666665,0,0,0.0,0.0,0.0,0.0,0.0,0.0
76.0,2.45,0,0,0.0,0.0,0.0,0.0,0.0,0.0
76.25,2.4520833333333334,0,0,0.0,0.0,0.0,0.0,0.0,0.0
76.5,2.4541666666666666,0,0,0.0,0.0,0.0,0.0,0.0,0.0
76.75,2.45625,0,0,0.0,0.0,0.0,0.0,0.0,0.0
77.0,2.4583333333333335,0,0,0.0,0.0,0.0,0.0,0.0,0.0
77.25,2.4604166666666667,0,0,0.0,0.0,0.0,0.0,0.0,0.0
77.5,2.4625,0,0,0.0,0.0,0.0,0.0,0.0,0.0
77.75,2.464583333333333,0,0,0.0,0.0,0.0,0.0,0.0,0.0
78.0,2.466666666666667,0,0,0.0,0.0,0.0,0.0,0.0,0.0
78.25,2.46875,0,0,0.0,0.0,0.0,0.0,0.0,0.0
78.5,2.470833333333333,0,0,0.0,0.0,0.0,0.0,0.0,0.0
78.75,2.4729166666666664,0,0,0.0,0.0,0.0,0.0,0.0,0.0
79.0,2.475,1,0,175.0,0.0,83.0,0.0,0.2604802377850616,0.4336001874900649
79.25,2.4770833333333333,1,0,180.0,0.0,88.0,0.0,0.28709832165294674,0.43373255192783183
79.5,2.4791666666666665,1,0,181.0,0.0,89.0,0.0,0.29339935393964045,0.43386428915291353
79.75,2.48125,1,0,183.0,0.0,91.0,0.0,0.3060036560151221,0.4339953988663849
80.0,2.4833333333333334,1,0,184.0,0.0,92.0,0.0,0.31252724192881914,0.4341258807712442
80.25,2.4854166666666666,1,0,184.0,0.0,92.0,0.0,0.31275076468858765,0.43425573457241534
80.5,2.4875,1,0,185.0,0.0,93.0,0.0,0.31934631497558624,0.43438495997674154
80.75,2.4895833333333335,1,0,186.0,0.0,94.0,0.0,0.32601234136407803,0.43451355669298536
81.0,2.4916666666666667,1,0,186.0,0.0,94.0,0.0,0.3262357219003134,0.4346415244318299
81.25,2.49375,1,0,187.0,0.0,95.0,0.0,0.3329709222389853,0.43476886290587025
81.5,2.495833333333333,1,0,187.0,0.0,95.0,0.0,0.3331938523738856,0.4348955718296189
81.75,2.497916666666667,1,0,187.0,0.0,95.0,0.0,0.33341635485475024,0.43502165091949613
82.0,2.5,1,0,188.0,0.0,96.0,0.0,0.3402193570116146,0.4351470998938399
82.25,2.540625,1,0,194.0,0.0,102.0,0.0,0.38523894646291595,0.45200730848502013
82.5,2.58125,0,0,0.0,0.0,0.0,0.0,0.4103953645407177,0.46132941127251487
82.75,2.621875,0,0,0.0,0.0,0.0,0.0,0.4284903432581941,0.47037464003703156
83.0,2.6625,0,0,0.0,0.0,0.0,0.0,0.4464804045909573,0.47913393897391815
83.25,2.703125,0,0,0.0,0.0,0.0,0.0,0.4569989576956571,0.4875968915488819
83.5,2.74375,0,0,0.0,0.0,0.0,0.0,0.46726276024312113,0.49575652836328876
83.75,2.784375,0,0,0.0,0.0,0.0,0.0,0.47725907110473925,0.5036036645192147
84.0,2.825,0,0,0.0,0.0,0.0,0.0,0.5120005603794218,0.5287396503181737
84.25,2.865625,0,0,0.0,0.0,0.0,0.0,0.5173910010299042,0.5318925356252785
84.5,2.90625,0,0,0.0,0.0,0.0,0.0,0.5853760298598554,0.5969797553483994
84.75,2.946875,0,0,0.0,0.0,0.0,0.0,0.6098178655898233,0.6256835045396658
85.0,2.9875,0,0,0.0,0.0,0.0,0.0,0.6062459757626772,0.6130424635145992
85.25,3.028125,0,0,0.0,0.0,0.0,0.0,0.6534802961035754,0.657210191054175
85.5,3.0687499999999996,0,0,0.0,0.0,0.0,0.0,0.6566609896602275,0.6581026040050957
85.75,3.109375,0,0,0.0,0.0,0.0,0.0,0.6803084140543061,0.6790841304873119
86.0,3.15,0,0,0.0,0.0,0.0,0.0,0.7105846322936245,0.7065832548000358
86.25,3.190625,0,0,0.0,0.0,0.0,0.0,0.7289570459934293,0.7224461154109167
86.5,3.23125,0,0,0.0,0.0,0.0,0.0,0.7428521204392363,0.7339560459985695
86.75,3.2718749999999996,0,0,0.0,0.0,0.0,0.0,0.7592498130422011,0.7479746866927839
87.0,3.3125,0,0,0.0,0.0,0.0,0.0,0.7598047295275868,0.7516250942180148
87.25,3.353125,0,0,0.0,0.0,0.0,0.0,0.7955940149290083,0.7843468188711298
87.5,3.39375,0,0,0.0,0.0,0.0,0.0,0.7893368072043804,0.7830901143364248
87.75,3.4343749999999997,0,0,0.0,0.0,0.0,0.0,0.8256854656093385,0.8036808472898405
88.0,3.4749999999999996,0,0,0.0,0.0,0.0,0.0,0.8242392091639289,0.7941690867539549
88.25,3.515625,0,0,0.0,0.0,0.0,0.0,0.8208990297184405,0.7888771896324092
88.5,3.55625,0,0,0.0,0.0,0.0,0.0,0.8192988144165851,0.785405422774597
88.75,3.596875,0,0,0.0,0.0,0.0,0.0,0.8296592414400342,0.7944588703524331
89.0,3.6374999999999997,0,0,0.0,0.0,0.0,0.0,0.8278316453515574,0.7908129968118008
89.25,3.6781249999999996,0,0,0.0,0.0,0.0,0.0,0.8346766621949093,0.796322355662996
89.5,3.71875,0,0,0.0,0.0,0.0,0.0,0.8317007109151172,0.7915254829354259
89.75,3.759375,0,0,0.0,0.0,0.0,0.0,0.8191475526561199,0.7766140948579049
90.0,3.8,0,0,0.0,0.0,0.0,0.0,0.838243881185424,0.7952756200887893
90.25,3.8299999999999996,0,0,0.0,0.0,0.0,0.0,0.8183351074870528,0.7729400362308996
90.5,3.86,0,0,0.0,0.0,0.0,0.0,0.8361639952864895,0.7908056971408525
90.75,3.8899999999999997,0,0,0.0,0.0,0.0,0.0,0.8345719124393945,0.7880048818007271
91.0,3.92,0,0,0.0,0.0,0.0,0.0,0.8353699227839027,0.7877895814936318
91.25,3.9499999999999997,0,0,0.0,0.0,0.0,0.0,0.8283068735902034,0.7791365736124283
91.5,3.98,0,0,0.0,0.0,0.0,0.0,0.8146763362992657,0.763431485797052
91.75,4.01,0,0,0.0,0.0,0.0,0.0,0.8195632494942069,0.7676419048534961
92.0,4.04,0,0,0.0,0.0,0.0,0.0,0.817361115215446,0.7642508249476084
92.25,4.07,0,0,0.0,0.0,0.0,0.0,0.819271640203755,0.7653299170831525
92.5,4.1,0,0,0.0,0.0,0.0,0.0,0.8112153774962398,0.7556336972321612
92.75,4.13,0,0,0.0,0.0,0.0,0.0,0.8149597787709079,0.7587537140522471
93.0,4.16,0,0,0.0,0.0,0.0,0.0,0.801566210901063,0.7432742826773908
93.25,4.1899999999999995,0,0,0.0,0.0,0.0,0.0,0.8021037355217725,0.7429409117501511
93.5,4.22,0,0,0.0,0.0,0.0,0.0,0.8031324530167492,0.7431794962779051
93.75,4.25,0,0,0.0,0.0,0.0,0.0,0.7972989905136748,0.7359516602001823
94.0,4.28,0,0,0.0,0.0,0.0,0.0,0.7867305701114166,0.7235694396246126
94.25,4.31,0,0,0.0,0.0,0.0,0.0,0.8009719118749135,0.7383541662760817
94.5,4.34,0,0,0.0,0.0,0.0,0.0,0.7919082742134489,0.7276239277642228
94.75,4.37,0,0,0.0,0.0,0.0,0.0,0.7907306229191734,0.7255627413345309
95.0,4.4,0,0,0.0,0.0,0.0,0.0,0.7768299609959259,0.7095539572844375
95.25,4.43,0,0,0.0,0.0,0.0,0.0,0.7844777411219499,0.717229137252403
95.5,4.46,0,0,0.0,0.0,0.0,0.0,0.777617487889397,0.708973775326253
95.75,4.49,0,0,0.0,0.0,0.0,0.0,0.7761899444064279,0.7067338438248021
96.0,4.52,0,0,0.0,0.0,0.0,0.0,0.7554059812117345,0.6831798348682225
96.25,4.55,0,0,0.0,0.0,0.0,0.0,0.7568716113334573,0.6841312019240524
96.5,4.58,0,0,0.0,0.0,0.0,0.0,0.7499554152127702,0.675887543464272
96.75,4.61,0,0,0.0,0.0,0.0,0.0,0.7496961355126217,0.6750031710168085
97.0,4.64,0,0,0.0,0.0,0.0,0.0,0.7366065051372332,0.6599942979175248
97.25,4.67,0,0,0.0,0.0,0.0,0.0,0.7277021862483795,0.6496307769827364
97.5,4.7,0,0,0.0,0.0,0.0,0.0,0.7307885276112659,0.6524809056642734
97.75,4.73,0,0,0.0,0.0,0.0,0.0,0.7271213050182278,0.6479390861539281
98.0,4.76,0,0,0.0,0.0,0.0,0.0,0.7174094883360991,0.6367320757642839
98.25,4.79,0,0,0.0,0.0,0.0,0.0,0.7127109343300324,0.6310953597592796
98.5,4.82,0,0,0.0,0.0,0.0,0.0,0.7032449065834105,0.6202170641221691
98.75,4.85,0,0,0.0,0.0,0.0,0.0,0.6932546448187272,0.6087994404388973
99.0,4.88,0,0,0.0,0.0,0.0,0.0,0.6901367739694008,0.6049717269084276
99.25,4.91,0,0,0.0,0.0,0.0,0.0,0.6816107645459712,0.5952211743056213
99.5,4.9399999999999995,0,0,0.0,0.0,0.0,0.0,0.669135152643001,0.581183769769043
99.75,4.97,0,0,0.0,0.0,0.0,0.0,0.6613813219006835,0.5723562316342401
100.0,5.0,0,0,0.0,0.0,0.0,0.0,0.658282057210557,0.5686354245596149
